,order_id,,,order_date,customer_id,customer_ref,customer_name,customer_email,sku,product_name,quantity,unit_price,order_value,weight,dispatch_date,delivery_date,oms_status,delivery_status,courier_partner,courier_ref,awb,payment_mode,payment_status,delivery_pincode,delivery_city,delivery_state,last_updated
1,SAJ-2606-10001,TRUE,,19/06/26,CUS-0106,CUS-0106,Ananya Mishra,ananya.mishra6@example.com,LCH-900-IV,Lunch Box 900ml,2,899,1798,1.28,06/21/2026,TBD,Returned,RTO,MileMitra,MileMitra,AW682400001,UPI,Refunded,500001,Hyderabad,Telangana,27/06/26 17:06
1,SAJ-2606-10002,TRUE,,28/06/26,CUS-0123,CUS-0123,Ritvik Menon,ritvik.menon23@example.com,LCH-900-IV,Lunch Box 900ml,1,899,899,0.64,30/06/26,TBD,Shipped,Out for Delivery,DakTrail,DakTrail,AW682400002,COD,Pending,682001,Kochi,Kerala,30/06/26 9:12
1,SAJ-2606-10003,TRUE,,17/06/26,CUS-0140,CUS-0140,Riya Shah,riya.shah40@example.com,MAT-YG-ST,Yoga Mat Stone,3,1499,4497,2.55,19/06/26,21/06/26,Fulfilled,Delivered,ParcelNest,ParcelNest,AW682400003,Card,Paid,400001,Mumbai,Maharashtra,21/06/26 14:35
1,SAJ-2606-10004,FALSE,21/06/26,06/21/2026,CUS-0157,CUS-0157,Vivaan Naik,vivaan.naik57@example.com,BED-QN-SG,Queen Bedsheet Sage,1,1899,1899,1.1,23/06/26,28/06/26,Fulfilled,Delivered,ParcelNest,ParcelNest,AW682400004,COD,Collected,302001,Jaipur,Rajasthan,28/06/26 17:06
2,SAJ-2606-10005,TRUE,,24/06/26,CUS-0102,CUS-0102,Diya Das,diya.das2@example.com,LCH-900-IV,Lunch Box 900ml,2,899,1798,1280,06/26/2026,01/01/00,Shipped,In Transit,RouteKart,RouteKart,AW682400005,UPI,Paid,380001,Ahmedabad,Gujarat,27/06/26 18:20
2,SAJ-2606-10005,TRUE,,28/06/26,CUS-0119,CUS-0119,Kunal Mehta,kunal.mehta19@example.com,PCH-TRV-BL,Travel Pouch Blue,3,399,1197,0.54,30/06/26,,Shipped,In Transit,DakTrail,DakTrail,AW682400006,Card,Paid,641001,Coimbatore,Tamil Nadu,30/06/26 9:12
1,SAJ-2606-10006,TRUE,,27/06/26,CUS-0136,CUS-0136,Tara Bhat,tara.bhat36@example.com,TRAY-BMB-M,Bamboo Serving Tray,1,999,999,0.72,29/06/26,,Shipped,In Transit,DakTrail,DakTrail,AW682400007,Card,Paid,411001,Puna,Maharashtra,30/06/26 17:06
1,SAJ-2606-10007,FALSE,14/06/26,06/14/2026,CUS-0153,CUS-0153,Ishaan Sethi,N/A,TWL-2P-NT,Cotton Hand Towel Pair,2,449,898,0.56,15/06/26,20/06/26,Fulfilled,Delivered,DakTrail,DakTrail,AW682400008,Card,Paid,160017,Chandigarh,chandigarh,20/06/26 19:22
1,SAJ-2606-10008,FALSE,21/06/26,06/21/2026,CUS-0170,CUS-0170,Aditi Mishra,aditi.mishra70@example.com,TRAY-BMB-M,Bamboo Serving Tray,2,999,1998,1.44,06/23/2026,NULL,Returned,RTO,RouteKart,RouteKart,AW682400009,Net Banking,Refunded,500001,HYDERABAD,Telangana,29/06/26 9:12
1,SAJ-2606-10009,TRUE,,19/06/26,CUS-0115,CUS-0115,Dev Patil,dev.patil15@example.com,MAT-YG-ST,Yoga Mat Stone,3,1499,4497,2550,06/21/2026,06/26/2026,Fulfilled,Delivered,RouteKart,RouteKart,AW682400010,COD,Collected,110001, New Delhi  ,Delhi,26/06/26 19:22
1,SAJ-2606-10010,TRUE,,13/06/26,CUS-0132,CUS-0132,Kavya Kapoor,kavya.kapoor32@example.com,BED-QN-SG,Queen Bedsheet Sage,2,1899,"₹3,798 ",2200,15/06/26,06/20/2026,Fulfilled,Delivered,RouteKart,RouteKart,AW682400011,UPI,Paid,226001,Lucknow,Uttar Pradesh,20/06/26 19:22
1,SAJ-2606-10011,TRUE,,21/06/26,CUS-0149,CUS-0149,Aarav Khanna,aarav.khanna49@example.com,JAR-3P-CL,Glass Spice Jar Trio,1,1199,1199,1.25,22/06/26,26/06/26,Fulfilled,delivered ,MileMitra,MileMitra,AW682400012,UPI,Paid,560001,Bengaluru,Karnataka,26/06/26 11:48
1,SAJ-2606-10012,FALSE,26/06/26,06/26/2026,CUS-0166,CUS-0166,Sana Das,sana.das66@example.com,JAR-3P-CL,Glass Spice Jar Trio,2,1199,INR 2398.00,2.5,TBD,N/A,Processing,Not Shipped,DakTrail,DakTrail,NULL,Net Banking,Paid,380001,Ahmedabad,Gujarat,30/06/26 9:12
1,SAJ-2606-10013,TRUE,,19/06/26,CUS-0111,CUS-0111,Arjun Naik,arjun.naik11@example.com,TRAY-BMB-M,Bamboo Serving Tray,2,999,1998,1.44,06/20/2026,23/06/26,Fulfilled,Delivered,RouteKart,RouteKart,AW682400014,COD,Collected,700001,Kolkata,West Bengal,23/06/26 17:06
1,SAJ-2606-10014,TRUE,,13/06/26,CUS-0128,CUS-0128,Meera Menon,meera.menon28@example.com,BAG-CNV-OL,Canvas Tote Olive,1,549,549,240,15/06/26,06/20/2026,Fulfilled,Delivered,ParcelNest,Parcel Nest,AW682400015,Card,Paid,751001,Bhubaneswar,Odisha,20/06/26 11:48
1,SAJ-2606-10015,TRUE,,16/06/26,CUS-0145,cus-0145,Varun Nair,varun.nair45@example.com,TWL-2P-NT,Cotton Hand Towel Pair,2,449,898,0.56,18/06/26,N/A,Returned,RTO,ParcelNest,ParcelNest,AW682400016,COD,Pending,600001,Chennai,tamil nadu,24/06/26 9:12
1,SAJ-2606-10016,FALSE,22/06/26,06/22/2026,CUS-0162,CUS-0162,Pooja Sinha,pooja.sinha62@example.com,BED-QN-SG,Queen Bedsheet Sage,1,1899,1899,1.1,24/06/26,28/06/26,Fulfilled,Delivered,DakTrail,DakTrail,AW682400017,UPI,Paid,452001,Indore,Madhya Pradesh,28/06/26 11:48
2,SAJ-2606-10017,FALSE,13/06/26,06/13/2026,CUS-0107,CUS-0107, ROHAN SETHI ,rohan.sethi7@example.com,LCH-900-IV,Lunch Box 900ml,3,899,2697,1.92,06/15/2026,20/06/26,Fulfilled,Delivered,MileMitra,MileMitra,AW682400018,UPI,Paid,682001,KOCHI,Kerala,20/06/26 11:48
2,SAJ-2606-10017,TRUE,,13/06/26,CUS-0124,CUS-0124,Mitali Mishra,mitali.mishra24@example.com,BAG-CNV-OL,Canvas Tote Olive,3,INR 549,1647,0.72,06/15/2026,06/19/2026,Fulfilled,Delivered,RouteKart,RouteKart,AW682400019,COD,Collected,400001,Mumbai,Maharashtra,19/06/26 11:48
1,SAJ-2606-10018,TRUE,,15/06/26,CUS-0141,CUS-0141,Neel Saxena,neel.saxena41@example.com,PCH-TRV-BL,Travel Pouch Blue,1,399,399,180,16/06/26,06/19/2026,Fulfilled,Delivered,DakTrail,DakTrail,AW682400020,upi,Paid,302001, Jaipur  ,Rajasthan,19/06/26 11:48
1,SAJ-2606-10019,TRUE,,24/06/26,CUS-0102,CUS-0102,Diya Das,diya.das2@example.com,LCH-900-IV,Lunch Box 900ml,2,899,1798,1.28,26/06/26,29/06/26,Shipped,Delivered,RouteKart,RouteKart,AW682400005,UPI,Paid,380001,Ahmedabad,Gujarat,30/06/26 10:40
1,SAJ-2606-10020,FALSE,17/06/26,06/17/2026,CUS-0158,CUS-0158,Nisha Iyer,nisha.iyer58@example.com,mat-yg-st ,Yoga Mat Stone,2,1499,"₹2,998 ",1700,18/06/26,22/06/26,Fulfilled,Delivered,ParcelNest,ParcelNest,AW682400021,UPI,Paid,122001,Gurugram,Haryana,22/06/26 17:06
1,SAJ-2606-10021,TRUE,,21/06/26,CUS-0103,CUS-0103,Kabir Khanna,kabir.khanna3@example.com,TWL-2P-NT,Cotton Hand Towel Pair,2,449,898,0.56,06/22/2026,27/06/26,Fulfilled,Delivered,DakTrail,DakTrail,AW682400022,UPI,Paid,641001,Coimbatore,Tamil Nadu,27/06/26 9:12
1,SAJ-2606-10022,TRUE,,15/06/26,CUS-0120,CUS-0120,Ira Das,ira.das20@example.com,FLK-500-CL,Travel Flask 500ml,3,1099,3297,1.68,17/06/26,06/20/2026,Fulfilled,delivered ,DakTrail,DakTrail,AW682400023,UPI,Paid,411001,Puna,maharashtra,20/06/26 17:06
1,SAJ-2606-10023,TRUE,,20/06/26,CUS-0137,CUS-0137,Aditya Rao,aditya.rao37@example.com,TWL-2P-NT,Cotton Hand Towel Pair,1,449,449,280,21/06/26,26/06/26,Fulfilled,Delivered,RouteKart,RouteKart,AW682400024,UPI,Paid,160017,Chandigarh,Chandigarh,26/06/26 17:06
1,SAJ-2606-10024,FALSE,27/06/26,06/27/2026,CUS-0154,CUS-0154,Ananya Jain,ananya.jain54@example.com,MUG-2P-SD,Ceramic Mug Pair,1,699,INR 699.00,0.92,28/06/26,-,Shipped,In Transit,MileMitra,MileMitra,AW682400025,Net Banking,Paid,500001,Hyderabad,Telangana,30/06/26 11:48
1,SAJ-2606-10025,FALSE,20/06/26,06/20/2026,CUS-0171,CUS-0171,Ritvik Sethi,ritvik.sethi71@example.com,PCH-TRV-BL,Travel Pouch Blue,3,399,1197,0.54,06/22/2026,25/06/26,Fulfilled,Delivered,RouteKart,RouteKart,AW682400026,Net Banking,Paid,682001,KOCHI,Kerala,25/06/26 11:48
2,SAJ-2606-10026,TRUE,,16/06/26,CUS-0116,CUS-0116,Riya Sinha,riya.sinha16@example.com,TWL-2P-NT,Cotton Hand Towel Pair,2,449,898,0.56,06/17/2026,06/20/2026,Fulfilled,Delivered,DakTrail,DakTrail,AW682400027,COD,Collected,226001,Lucknow,Uttar Pradesh,20/06/26 19:22
2,SAJ-2606-10026,TRUE,,20/06/26,CUS-0133,CUS-0133,Vivaan Bose,vivaan.bose33@example.com,MAT-YG-ST,Yoga Mat Stone,1,1499,1499,0.85,22/06/26,06/24/2026,Fulfilled,Delivered,RouteKart,RouteKart,AW682400028,UPI,paid ,560001,"Bangalore,Karnataka",,24/06/26 17:06
1,SAJ-2606-10027,TRUE,,16/06/26,CUS-0150,CUS-0150,Diya Nair,diya.nair50@example.com,FLK-500-CL,Travel Flask 500ml,1,1099,1099,560,17/06/26,N/A,Returned,RTO,DakTrail,DAK TRAIL,AW682400029,UPI,Refunded,380001, Ahmedabad  ,Gujarat,23/06/26 11:48
1,SAJ-2606-10028,FALSE,14/06/26,06/14/2026,CUS-0167,CUS-0167,Kunal Khanna, KUNAL.KHANNA67@EXAMPLE.COM ,LCH-900-IV,Lunch Box 900ml,1,899,899,0.64,16/06/26,20/06/26,Fulfilled,Delivered,RouteKart,RouteKart,AW682400030,Card,Paid,641001,Coimbatore,Tamil Nadu,20/06/26 9:12
1,SAJ-2606-10029,TRUE,,14/06/26,CUS-0112,cus-0112,Tara Iyer,NULL,FLK-500-CL,Travel Flask 500ml,3,1099,3297,1.68,06/16/2026,20/06/26,Fulfilled,Delivered,MileMitra,MileMitra,AW682400031,UPI,Paid,751001,Bhubaneswar,odisha,20/06/26 9:12
1,SAJ-2606-10030,TRUE,,18/06/26,CUS-0129,CUS-0129,Ishaan Mishra,ishaan.mishra29@example.com,CND-180-AM,Amber Candle 180g,1,649,₹649 ,450,19/06/26,06/24/2026,Fulfilled,Delivered,DakTrail,DakTrail,AW682400032,Net Banking,Paid,600001,Chennai,Tamil Nadu,24/06/26 19:22
1,SAJ-2606-10031,TRUE,,26/06/26,CUS-0146,CUS-0146,Aditi Menon,aditi.menon46@example.com,BTL-750-SG,Steel Bottle 750ml,1,799,799,0.42,28/06/26,01/01/00,Shipped,In Transit,ParcelNest,ParcelNest,AW682400033,COD,Pending,452001,Indore,Madhya Pradesh,30/06/26 19:22
1,SAJ-2606-10032,FALSE,16/06/26,06/16/2026,CUS-0163,CUS-0163,Dev Shah,dev.shah63@example.com,JAR-3P-CL,Glass Spice Jar Trio,1,1199,1199,1250,17/06/26,19/06/26,Fulfilled,Delivered,RouteKart,RouteKart,AW682400034,COD,Collected,110001,New Delhi,Delhi,19/06/26 11:48
1,SAJ-2606-10033,FALSE,26/06/26,06/26/2026,CUS-0108,CUS-0108, KAVYA JAIN ,kavya.jain8@example.com,MUG-2P-SD,Ceramic Mug Pair,3,699,2097,2.76,06/27/2026,-,Shipped,IN TRANSIT,RouteKart,RouteKart,AW682400035,COD,Pending,400001,MUMBAI,Maharastra,30/06/26 14:35
1,SAJ-2606-10034,TRUE,,22/06/26,CUS-0125,CUS-0125,Aarav Das,aarav.das25@example.com,MAT-YG-ST,Yoga Mat Stone,1,1499,1499,0.85,06/23/2026,06/25/2026,Fulfilled,Delivered,MileMitra,MileMitra,AW682400036,Net Banking,Paid,302001,Jaipur,Rajasthan,25/06/26 19:22
1,SAJ-2606-10035,TRUE,,18/06/26,CUS-0142,CUS-0142,Sana Mehta,sana.mehta42@example.com,JAR-3P-CL,Glass Spice Jar Trio,1,INR 1199,1199,1.25,20/06/26,06/25/2026,Fulfilled,Delivered,DakTrail,DakTrail,AW682400037,COD,Collected,122001,Gurugram,Haryana,25/06/26 17:06
1,SAJ-2606-10036,TRUE,,22/06/26,CUS-0162,CUS-0162,Pooja Sinha,pooja.sinha62@example.com,BED-QN-SG,Queen Bedsheet Sage,1,1899,INR 1899.00,1.1,24/06/26,28/06/26,Fulfilled,Delivered,DakTrail,DakTrail,AW682400017,UPI,Paid,452001,Indore,Madhya Pradesh,28/06/26 11:48
1,SAJ-2606-10037,FALSE,18/06/26,06/18/2026,CUS-0159,CUS-0159,Arjun Bhat,arjun.bhat59@example.com,MAT-YG-ST,Yoga Mat Stone,2,1499,2998,1700,19/06/26,24/06/26,Fulfilled,Delivered,MileMitra,MileMitra,AW682400038,NetBanking,Paid,700001, Kolkata  ,west bengal,24/06/26 11:48
1,SAJ-2606-10038,TRUE,,26/06/26,CUS-0104,CUS-0104,Meera Nair,meera.nair4@example.com,LCH-900-IV,Lunch Box 900ml,3,899,2697,1.92,TBD,01/01/00,Processing,Not Shipped,ParcelNest,ParcelNest,NULL,COD,Pending,411001,Puna,Maharashtra,30/06/26 14:35
1,SAJ-2606-10039,TRUE,,17/06/26,CUS-0121,CUS-0121,Varun Khanna,varun.khanna21@example.com,BED-QN-SG,Queen Bedsheet Sage,1,1899,1899,1.1,19/06/26,06/24/2026,Fulfilled,Delivered,RouteKart,RouteKart,AW682400040,Card,Paid,160017,Chandigarh,Chandigarh,24/06/26 11:48
1,SAJ-2606-10040,TRUE,,19/06/26,CUS-0138,CUS-0138,Pooja Patil,pooja.patil38@example.com,TWL-2P-NT,Cotton Hand Towel Pair,2,449,898,0.56,20/06/26,23/06/26,Fulfilled,Delivered,RouteKart,RouteKart,AW682400041,COD,Collected,500001,Hyderabad,Telangana,23/06/26 19:22
1,SAJ-2606-10041,TRUE,,20/06/26,CUS-0155,CUS-0155,Rohan Kapoor,rohan.kapoor55@example.com,MUG-2P-SD,Ceramic Mug Pair,2,699,1398,1.84,24/06/26,22/06/26,Fulfilled,Delivered,RouteKart,RouteKart,AW682400042,Net Banking,Paid,682001,Kochi,Kerala,25/06/26 11:20
1,SAJ-2606-10042,FALSE,18/06/26,06/18/2026,CUS-0172,CUS-0172,Mitali Jain,mitali.jain72@example.com,FLK-500-CL,Travel Flask 500ml,1,1099,1099,560,06/20/2026,22/06/26,Fulfilled,Delivered,MileMitra,Mile Mitra,AW682400043,Card,Paid,400001,MUMBAI,Maharashtra,22/06/26 14:35
1,SAJ-2606-10043,TRUE,,19/06/26,CUS-0117,CUS-0117,Neel Shah,neel.shah17@example.com,CND-180-AM,Amber Candle 180g,2,649,1298,0.9,06/21/2026,NULL,Returned,RTO,ParcelNest,ParcelNest,AW682400044,COD,Pending,560001,Bengaluru,Karnataka,27/06/26 9:12
1,SAJ-2606-10044,TRUE,,22/06/26,CUS-0134,CUS-0134,Nisha Naik,nisha.naik34@example.com,TRAY-BMB-M,Bamboo Serving Tray,2,999,1998,1.44,TBD,01/01/00,Cancelled,Not Shipped,DakTrail,DakTrail,NULL,COD,Pending,380001,Ahmedabad,Gujarat,30/06/26 11:48
1,SAJ-2606-10045,TRUE,,24/06/26,CUS-0151,cus-0151,Kabir Menon,kabir.menon51@example.com,BED-QN-SG,Queen Bedsheet Sage,1,1899,1899,1.1,26/06/26,-,Shipped,IN TRANSIT,ParcelNest,ParcelNest,AW682400046,UPI,Paid,641001,Coimbatore,tamil nadu,27/06/26 18:20
2,SAJ-2606-10046,FALSE,18/06/26,06/18/2026,CUS-0168,CUS-0168,Ira Nair,ira.nair68@example.com,MAT-YG-ST,Yoga Mat Stone,1,1499,1499,0.85,NULL,,Cancelled,Not Shipped,DakTrail,DakTrail,,UPI,Refunded,411001,Pune,Maharashtra,26/06/26 19:22
2,SAJ-2606-10046,TRUE,,26/06/26,CUS-0113,CUS-0113,Aditya Bhat,aditya.bhat13@example.com,BED-QN-SG,Queen Bedsheet Sage,2,1899,3798,2200,-,NULL,Processing,Not Shipped,ParcelNest,ParcelNest,N/A,Net Banking,Paid,600001, Chennai  ,Tamil Nadu,30/06/26 14:35
1,SAJ-2606-10047,TRUE,,16/06/26,CUS-0130,CUS-0130,Ananya Sethi,ananya.sethi30@example.com,BED-QN-SG,Queen Bedsheet Sage,1,1899,1899,1.1,18/06/26,06/23/2026,Fulfilled,Delivered,ParcelNest,ParcelNest,AW682400049,UPI,Paid,452001,Indore,Madhya Pradesh,23/06/26 17:06
1,SAJ-2606-10048,TRUE,,19/06/26,CUS-0147,CUS-0147,Ritvik Mishra,ritvik.mishra47@example.com,BED-QN-SG,Queen Bedsheet Sage,1,1899,INR 1899.00,1.1,20/06/26,24/06/26,Fulfilled,Delivered,RouteKart,RouteKart,AW682400050,COD,Collected,110001,New Delhi,Delhi,24/06/26 11:48
1,SAJ-2606-10049,FALSE,17/06/26,06/17/2026,CUS-0164,CUS-0164,Riya Saxena,riya.saxena64@example.com,BED-QN-SG,Queen Bedsheet Sage,1,1899,1899,1.1,18/06/26,22/06/26,Fulfilled,Delivered,MileMitra,MileMitra,AW682400051,COD,Collected,226001,Lucknow,Uttar Pradesh,22/06/26 11:48
1,SAJ-2606-10050,FALSE,14/06/26,06/14/2026,CUS-0109,CUS-0109, VIVAAN KAPOOR ,-,LCH-900-IV,Lunch Box 900ml,1,899,899,0.64,06/16/2026,18/06/26,Fulfilled,Delivered,DakTrail,DakTrail,AW682400052,UPI,Paid,302001,JAIPUR,Rajasthan,18/06/26 19:22
1,SAJ-2606-10051,TRUE,,19/06/26,CUS-0126,CUS-0126,Diya Khanna,diya.khanna26@example.com,TRAY-BMB-M,Bamboo Serving Tray,2,999,"₹1,998 ",1440,06/20/2026,06/25/2026,Fulfilled,Delivered,ParcelNest,ParcelNest,AW682400053,UPI,Paid,122001,Gurugram,Haryana,25/06/26 9:12
1,SAJ-2606-10052,TRUE,,20/06/26,CUS-0143,CUS-0143,Kunal Das,kunal.das43@example.com,TRAY-BMB-M,Bamboo Serving Tray,2,999,1998,1.44,22/06/26,06/26/2026,Fulfilled,Delivered,MileMitra,MileMitra,AW682400054,Card,Paid,700001,Kolkata,west bengal,26/06/26 14:35
1,SAJ-2606-10053,TRUE,,23/06/26,CUS-0160,CUS-0160,Tara Rao,tara.rao60@example.com,BTL-750-SG,Steel Bottle 750ml,2,INR 799,1598,0.84,24/06/26,26/06/26,Fulfilled,Delivered,DakTrail,DakTrail,AW682400055,UPI,Paid,751001,Bhubaneswar,Odisha,26/06/26 9:12
1,SAJ-2606-10054,FALSE,20/06/26,06/20/2026,CUS-0171,CUS-0171,Ritvik Sethi,ritvik.sethi71@example.com,PCH-TRV-BL,Travel Pouch Blue,3,399,1197,0.54,22/06/26,25/06/26,Fulfilled,Delivered,RouteKart,RouteKart,AW682400026,Net Banking,paid ,682001,Kochi,Kerala,25/06/26 11:48
1,SAJ-2606-10055,TRUE,,19/06/26,CUS-0105,CUS-0105,Ishaan Menon,ishaan.menon5@example.com,BAG-CNV-OL,Canvas Tote Olive,1,549,549,0.24,06/21/2026,26/06/26,Fulfilled,Delivered,RouteKart,RouteKart,AW682400056,Net Banking,Paid,160017,Chandigarh,Chandigarh,26/06/26 17:06
1,SAJ-2606-10056,TRUE,,28/06/26,CUS-0122,CUS-0122,Aditi Nair,aditi.nair22@example.com,BTL-750-SG,Steel Bottle 750ml,1,799,799,420,30/06/26,N/A,Shipped,OFD,ParcelNest,Parcel Nest,AW682400057,Cash on Delivery,Pending,500001, Hyderabad  ,Telangana,30/06/26 19:22
1,SAJ-2606-10057,TRUE,,27/06/26,CUS-0139,CUS-0139,Dev Sinha,dev.sinha39@example.com,BED-QN-SG,Queen Bedsheet Sage,2,1899,3798,2.2,N/A,,Processing,Not Shipped,DakTrail,DakTrail,TBD,Card,Paid,682001,Kochii,Kerala,30/06/26 19:22
2,SAJ-2606-10058,FALSE,13/06/26,06/13/2026,CUS-0156,CUS-0156,Kavya Bose, KAVYA.BOSE56@EXAMPLE.COM ,CND-180-AM,Amber Candle 180g,3,649,1947,1.35,14/06/26,17/06/26,Fulfilled,Delivered,MileMitra,MileMitra,AW682400059,UPI,Paid,400001,Mumbai,Maharashtra,17/06/26 9:12
2,SAJ-2606-10058,FALSE,22/06/26,06/22/2026,CUS-0101,CUS-0101,Aarav Mehta,aarav.mehta1@example.com,TWL-2P-NT,Cotton Hand Towel Pair,1,449,449,0.28,NULL,01/01/00,Cancelled,Not Shipped,ParcelNest,ParcelNest,-,COD,Pending,560001,BENGALURU,Karnataka,30/06/26 11:48
1,SAJ-2606-10059,TRUE,,19/06/26,CUS-0118,cus-0118,Sana Saxena,sana.saxena18@example.com,BED-QN-SG,Queen Bedsheet Sage,3,1899,5697,3.3,06/20/2026,06/24/2026,Fulfilled,Delivered,RouteKart,RouteKart,AW682400061,Card,Paid,380001,Ahmedabad,gujarat,24/06/26 14:35
1,SAJ-2606-10060,TRUE,,22/06/26,CUS-0135,CUS-0135,Arjun Iyer,arjun.iyer35@example.com,BAG-CNV-OL,Canvas Tote Olive,1,549,INR 549.00,240,23/06/26,06/27/2026,Fulfilled,Delivered,DakTrail,DakTrail,AW682400062,UPI,Paid,641001,Coimbatore,Tamil Nadu,27/06/26 11:48
1,SAJ-2606-10061,TRUE,,21/06/26,CUS-0152,CUS-0152,Meera Mishra,meera.mishra52@example.com,cnd-180-am ,Amber Candle 180g,2,649,"₹1,298 ",900,23/06/26,26/06/26,Fulfilled,Delivered,RouteKart,RouteKart,AW682400063,UPI,Paid,411001,Pune,Maharashtra,26/06/26 17:06
1,SAJ-2606-10062,FALSE,16/06/26,06/16/2026,CUS-0169,CUS-0169,Varun Menon,varun.menon69@example.com,BED-QN-SG,Queen Bedsheet Sage,1,1899,1899,1.1,17/06/26,19/06/26,Fulfilled,Delivered,DakTrail,DakTrail,AW682400064,Net Banking,Paid,160017,"Chandigarh,Chandigarh",TBD,19/06/26 14:35
1,SAJ-2606-10063,TRUE,,20/06/26,CUS-0114,CUS-0114,Pooja Rao,pooja.rao14@example.com,MAT-YG-ST,Yoga Mat Stone,1,1499,1499,0.85,06/22/2026,25/06/26,Fulfilled,Delivered,RouteKart,RouteKart,AW682400065,UPI,Paid,452001,Indore,Madhya Pradesh,25/06/26 19:22
1,SAJ-2606-10064,TRUE,,26/06/26,CUS-0131,CUS-0131,Rohan Jain,rohan.jain31@example.com,LCH-900-IV,Lunch Box 900ml,3,899,2697,1.92,N/A,01/01/00,Processing,Not Shipped,RouteKart,RouteKart,TBD,UPI,Paid,110001,New Delhi,Delhi,30/06/26 19:22
1,SAJ-2606-10065,TRUE,,15/06/26,CUS-0148,CUS-0148,Mitali Sethi,mitali.sethi48@example.com,BTL-750-SG,Steel Bottle 750ml,1,799,799,420,16/06/26,21/06/26,Fulfilled,Delivered,MileMitra,MileMitra,AW682400067,UPI,Paid,226001, Lucknow  ,Uttar Pradesh,21/06/26 17:06
1,SAJ-2606-10066,FALSE,20/06/26,06/20/2026,CUS-0165,CUS-0165,Neel Mehta,neel.mehta65@example.com,TRAY-BMB-M,Bamboo Serving Tray,1,999,999,0.72,21/06/26,26/06/26,Fulfilled,Delivered,MileMitra,MileMitra,AW682400068,COD,Collected,560001,Bengaluru,Karnataka,26/06/26 14:35
1,SAJ-2606-10067,FALSE,28/06/26,06/28/2026,CUS-0110,CUS-0110, NISHA BOSE ,nisha.bose10@example.com,MAT-YG-ST,Yoga Mat Stone,1,1499,1499,0.85,TBD,-,Processing,Not shipped,RouteKart,RouteKart,N/A,UPI,Paid,122001,GURUGRAM,haryana,30/06/26 19:22
1,SAJ-2606-10068,TRUE,,27/06/26,CUS-0127,CUS-0998,Tara Iyer,ishaan.mishra29@example.com,TRAY-BMB-M,Bamboo Serving Tray,3,999,2997,2.16,28/06/26,,Shipped,Out for Delivery,ParcelNest,ParcelNest,AW682400070,Card,Paid,700001,Kolkata,West Bengal,30/06/26 14:35
1,SAJ-2606-10069,TRUE,,15/06/26,CUS-0144,CUS-0144,Ira Khanna,ira.khanna44@example.com,BTL-750-SG,Steel Bottle 750ml,1,799,799,0.42,16/06/26,06/21/2026,Fulfilled,Delivered,DakTrail,DakTrail,AW682400071,COD,Collected,751001,Bhubaneswar,Odisha,21/06/26 14:35
1,SAJ-2606-10070,TRUE,,23/06/26,CUS-0161,CUS-0161,Aditya Patil,aditya.patil61@example.com,LCH-900-IV,Lunch Box 900ml,1,899,899,640,24/06/26,27/06/26,Fulfilled,Delivered,MileMitra,Mile Mitra,AW682400072,COD,Collected,600001,Chennai,Tamil Nadu,27/06/26 14:35
1,SAJ-2606-10071,FALSE,14/06/26,06/14/2026,CUS-0106,CUS-0106,Ananya Mishra,ananya.mishra6@example.com,FLK-500-CL,Travel Flask 500ml,1,INR 1099,1099,0.56,16/06/26,21/06/26,Fulfilled,Delivered,DakTrail,DakTrail,AW682400073,Net Banking,Paid,500001,Hyderabad,Telangana,21/06/26 19:22
1,SAJ-2606-10072,TRUE,,24/06/26,CUS-0151,CUS-0151,Kabir Menon,kabir.menon51@example.com,BED-QN-SG,Queen Bedsheet Sage,1,1899,1899,1100,06/26/2026,29/06/26,Shipped,Delivered,ParcelNest,ParcelNest,AW682400046,UPI,Paid,641001,Coimbatore,Tamil Nadu,30/06/26 10:40
1,SAJ-2606-10073,TRUE,,28/06/26,CUS-0123,CUS-0123,Ritvik Menon,ritvik.menon23@example.com,MAT-YG-ST,Yoga Mat Stone,1,1499,INR 1499.00,0.85,-,N/A,Processing,Not Shipped,ParcelNest,ParcelNest,N/A,COD,Pending,682001,Kochi,Kerala,30/06/26 17:06
1,SAJ-2606-10074,TRUE,,26/06/26,CUS-0140,CUS-0140,Riya Shah,riya.shah40@example.com,BTL-750-SG,Steel Bottle 750ml,2,799,1598,0.84,28/06/26,-,Shipped,Out for Delivery,DakTrail,DakTrail,AW682400075,UPI,Paid,400001,Mumbai,Maharashtra,30/06/26 9:12
1,SAJ-2606-10075,FALSE,13/06/26,06/13/2026,CUS-0157,cus-0157,Vivaan Naik,vivaan.naik57@example.com,MUG-2P-SD,Ceramic Mug Pair,1,699,699,920,-,-,Cancelled,Not Shipped,DakTrail,DakTrail,-,upi,Refunded,302001, Jaipur  ,rajasthan,21/06/26 19:22
1,SAJ-2606-10076,FALSE,18/06/26,06/18/2026,CUS-0102,CUS-0102,Diya Das,diya.das2@example.com,FLK-500-CL,Travel Flask 500ml,2,1099,2198,1.12,06/19/2026,23/06/26,Fulfilled,Delivered,MileMitra,MileMitra,AW682400077,COD,Collected,380001,AHMEDABAD,Gujarat,23/06/26 9:12
1,SAJ-2606-10077,TRUE,,17/06/26,CUS-0119,CUS-0119,Kunal Mehta,kunal.mehta19@example.com,MAT-YG-ST,Yoga Mat Stone,2,1499,2998,1.7,06/18/2026,06/23/2026,Fulfilled,Delivered,DakTrail,DakTrail,AW682400078,COD,Collected,641001,Coimbatoree,Tamil Nadu,23/06/26 19:22
1,SAJ-2606-10078,TRUE,,26/06/26,CUS-0136,CUS-0136,Tara Bhat,tara.bhat36@example.com,CND-180-AM,Amber Candle 180g,2,649,1298,0.9,27/06/26,N/A,Shipped,In Transit,DakTrail,DakTrail,AW682400079,COD,Pending,411001,Pune,Maharashtra,30/06/26 14:35
2,SAJ-2606-10079,TRUE,,27/06/26,CUS-0153,CUS-0153,Ishaan Sethi,ishaan.sethi53@example.com,CND-180-AM,Amber Candle 180g,3,649,1947,1.35,-,N/A,Processing,Not shipped,MileMitra,MileMitra,NULL,Card,Paid,160017,Chandigarh,Chandigarh,30/06/26 17:06
2,SAJ-2606-10079,FALSE,18/06/26,06/18/2026,CUS-0170,CUS-0170,Aditi Mishra,aditi.mishra70@example.com,BED-QN-SG,Queen Bedsheet Sage,2,1899,3798,2200,19/06/26,21/06/26,Fulfilled,Delivered,DakTrail,DakTrail,AW682400081,Net Banking,Paid,500001,Hyderabad,Telangana,21/06/26 14:35
1,SAJ-2606-10080,TRUE,,28/06/26,CUS-0115,CUS-0115,Dev Patil,dev.patil15@example.com,PCH-TRV-BL,Travel Pouch Blue,1,399,399,0.18,NULL,01/01/00,Processing,Not Shipped,MileMitra,MileMitra,,UPI,Paid,110001,New Delhi,Delhi,30/06/26 14:35
1,SAJ-2606-10081,TRUE,,13/06/26,CUS-0132,CUS-0132,Kavya Kapoor,kavya.kapoor32@example.com,MUG-2P-SD,Ceramic Mug Pair,1,699,699,0.92,14/06/26,06/16/2026,Fulfilled,Delivered,RouteKart,RouteKart,AW682400083,UPI,paid ,226001,Lucknow,Uttar Pradesh,16/06/26 11:48
1,SAJ-2606-10082,TRUE,,17/06/26,CUS-0149,CUS-0149,Aarav Khanna,TBD,mug-2p-sd ,Ceramic Mug Pair,2,699,"₹1,398 ",1840,19/06/26,23/06/26,Fulfilled,Delivered,DakTrail,DakTrail,AW682400084,UPI,Paid,560001,Bengaluru,karnataka,23/06/26 14:35
1,SAJ-2606-10083,FALSE,28/06/26,06/28/2026,CUS-0166,CUS-0166,Sana Das,sana.das66@example.com,LCH-900-IV,Lunch Box 900ml,3,899,2697,1.92,29/06/26,TBD,Shipped,In Transit,MileMitra,MileMitra,AW682400085,UPI,Paid,380001,Ahmedabad,Gujarat,30/06/26 14:35
1,SAJ-2606-10084,FALSE,18/06/26,06/18/2026,CUS-0111,CUS-0111, ARJUN NAIK ,arjun.naik11@example.com,JAR-3P-CL,Glass Spice Jar Trio,3,1199,3597,3750,06/19/2026,23/06/26,Fulfilled,Delivered,ParcelNest,Parcel Nest,AW682400086,UPI,Paid,700001,KOLKATA,West Bengal,23/06/26 14:35
1,SAJ-2606-10085,TRUE,,27/06/26,CUS-0128,CUS-0128,Meera Menon,meera.menon28@example.com,PCH-TRV-BL,Travel Pouch Blue,2,399,798,0.36,-,01/01/00,Processing,Not Shipped,DakTrail,DakTrail,,Card,Paid,751001,Bhubaneswar,Odisha,30/06/26 11:48
1,SAJ-2606-10086,TRUE,,15/06/26,CUS-0145,CUS-0145,Varun Nair,varun.nair45@example.com,MAT-YG-ST,Yoga Mat Stone,1,1499,1499,0.85,N/A,01/01/00,Cancelled,Not Shipped,DakTrail,DakTrail,NULL,UPI,Refunded,600001,Chennai,Tamilnadu,23/06/26 9:12
1,SAJ-2606-10087,TRUE,,21/06/26,CUS-0162,CUS-0162,Pooja Sinha, POOJA.SINHA62@EXAMPLE.COM ,PCH-TRV-BL,Travel Pouch Blue,1,399,399,0.18,23/06/26,27/06/26,Fulfilled,Delivered,MileMitra,MileMitra,AW682400089,UPI,Paid,452001,Indore,Madhya Pradesh,27/06/26 9:12
1,SAJ-2606-10088,FALSE,28/06/26,06/28/2026,CUS-0107,CUS-0107,Rohan Sethi,rohan.sethi7@example.com,BTL-750-SG,Steel Bottle 750ml,1,799,799,0.42,30/06/26,,Shipped,Out for Delivery,DakTrail,DakTrail,AW682400090,UPI,Paid,682001,Kochi,Kerala,30/06/26 9:12
1,SAJ-2606-10089,TRUE,,14/06/26,CUS-0124,CUS-0124,Mitali Mishra,mitali.mishra24@example.com,MUG-2P-SD,Ceramic Mug Pair,1,INR 699,699,920,06/15/2026,20/06/26,Fulfilled,Delivered,ParcelNest,ParcelNest,AW682400091,UPI,Paid,400001,Mumbai,Maharashtra,20/06/26 14:35
1,SAJ-2606-10090,TRUE,,17/06/26,CUS-0141,cus-0141,Neel Saxena,neel.saxena41@example.com,BED-QN-SG,Queen Bedsheet Sage,1,1899,1899,1.1,19/06/26,,Returned,rto,RouteKart,RouteKart,AW682400092,COD,Pending,302001,Jaipur,rajasthan,25/06/26 17:06
1,SAJ-2606-10091,TRUE,,27/06/26,CUS-0139,CUS-0139,Dev Sinha,dev.sinha39@example.com,BED-QN-SG,Queen Bedsheet Sage,2,1899,3798,2.2,-,N/A,Processing,Not Shipped,DakTrail,DakTrail,TBD,Card,Paid,682001,Kochi,Kerala,30/06/26 19:22
1,SAJ-2606-10092,FALSE,16/06/26,06/16/2026,CUS-0158,CUS-0158,Nisha Iyer,nisha.iyer58@example.com,MUG-2P-SD,Ceramic Mug Pair,3,699,2097,2.76,18/06/26,21/06/26,Fulfilled,Delivered,ParcelNest,ParcelNest,AW682400093,COD,Collected,122001,Gurugram,Haryana,21/06/26 17:06
1,SAJ-2606-10093,TRUE,,14/06/26,CUS-0103,CUS-0103,Kabir Khanna,kabir.khanna3@example.com,LCH-900-IV,Lunch Box 900ml,2,899,2697,1.28,16/06/26,21/06/26,Fulfilled,Delivered,ParcelNest,ParcelNest,AW682400094,COD,Collected,641001,Coimbatore,Tamil Nadu,21/06/26 11:48
1,SAJ-2606-10094,TRUE,,19/06/26,CUS-0120,CUS-0120,Ira Das,ira.das20@example.com,BAG-CNV-OL,Canvas Tote Olive,2,549,1098,480,06/20/2026,06/25/2026,Fulfilled,Delivered,MileMitra,MileMitra,AW682400095,NetBanking,Paid,411001, Pune  ,Maharashtra,25/06/26 17:06
1,SAJ-2606-10095,TRUE,,23/06/26,CUS-0137,CUS-0137,Aditya Rao,aditya.rao37@example.com,FLK-500-CL,Travel Flask 500ml,1,1099,1099,0.56,N/A,01/01/00,Cancelled,Not Shipped,ParcelNest,ParcelNest,-,Card,Refunded,160017,Chandigarh,Chandigarh,30/06/26 17:06
1,SAJ-2606-10096,TRUE,,23/06/26,CUS-0154,CUS-0154,Ananya Jain,ananya.jain54@example.com,FLK-500-CL,Travel Flask 500ml,3,1099,3297,1.68,25/06/26,30/06/26,Fulfilled,Delivered,ParcelNest,ParcelNest,AW682400097,Card,Paid,500001,Hyderabad,Telangana,30/06/26 19:22
1,SAJ-2606-10097,FALSE,19/06/26,06/19/2026,CUS-0171,CUS-0171,Ritvik Sethi,ritvik.sethi71@example.com,CND-180-AM,Amber Candle 180g,1,649,649,0.45,21/06/26,24/06/26,Fulfilled,Delivered,RouteKart,RouteKart,AW682400098,UPI,Paid,682001,Kochii,Kerala,24/06/26 17:06
1,SAJ-2606-10098,TRUE,,13/06/26,CUS-0116,CUS-0116,Riya Sinha,riya.sinha16@example.com,BED-QN-SG,Queen Bedsheet Sage,1,1899,INR 1899.00,1.1,06/14/2026,17/06/26,Fulfilled,Delivered,MileMitra,MileMitra,AW682400099,Net Banking,Paid,226001,Lucknow,uttar pradesh,17/06/26 9:12
1,SAJ-2606-10099,TRUE,,16/06/26,CUS-0133,CUS-0133,Vivaan Bose,vivaan.bose33@example.com,MAT-YG-ST,Yoga Mat Stone,1,1499,1499,850,18/06/26,06/23/2026,Fulfilled,Delivered,RouteKart,routekart ,AW682400100,UPI,Paid,560001,Bengaluru,Karnataka,23/06/26 9:12
1,SAJ-2606-10100,TRUE,,16/06/26,CUS-0150,CUS-0150,Diya Nair,diya.nair50@example.com,CND-180-AM,Amber Candle 180g,1,649,649,0.45,18/06/26,22/06/26,Fulfilled,Delivered,DakTrail,DakTrail,AW682400101,COD,Collected,380001,"Ahmedabad,Gujarat",,22/06/26 9:12
1,SAJ-2606-10101,FALSE,28/06/26,06/28/2026,CUS-0167,CUS-0167,Kunal Khanna,kunal.khanna67@example.com,LCH-900-IV,Lunch Box 900ml,1,899,899,0.64,N/A,,Processing,Not Shipped,DakTrail,DakTrail,TBD,COD,Pending,641001,Coimbatore,Tamil Nadu,30/06/26 9:12
1,SAJ-2606-10102,FALSE,24/06/26,06/24/2026,CUS-0112,CUS-0112, TARA IYER ,tara.iyer12@example.com,MUG-2P-SD,Ceramic Mug Pair,1,699,699,0.92,06/26/2026,,Shipped,IN TRANSIT,DakTrail,DakTrail,AW682400103,UPI,Paid,751001,BHUBANESWAR,Odisha,27/06/26 18:20
2,SAJ-2606-10103,TRUE,,28/06/26,CUS-0129,CUS-0129,Ishaan Mishra,ishaan.mishra29@example.com,FLK-500-CL,Travel Flask 500ml,2,1099,2198,1.12,06/30/2026,TBD,Shipped,Out for Delivery,ParcelNest,ParcelNest,AW682400104,COD,Pending,600001,Chennai,Tamil Nadu,30/06/26 14:35
2,SAJ-2606-10103,TRUE,,26/06/26,CUS-0146,CUS-0146,Aditi Menon,aditi.menon46@example.com,cnd-180-am ,Amber Candle 180g,1,649,₹649 ,450,28/06/26,N/A,Shipped,In Transit,MileMitra,MileMitra,AW682400105,COD,Pending,452001, Indore  ,Madhya Pradesh,30/06/26 11:48
1,SAJ-2606-10104,TRUE,,20/06/26,CUS-0163,CUS-0163,Dev Shah,dev.shah63@example.com,CND-180-AM,Amber Candle 180g,1,649,649,0.45,22/06/26,24/06/26,Fulfilled,Delivered,DakTrail,DakTrail,AW682400106,COD,Collected,110001,New Delhi,Delhi,24/06/26 14:35
1,SAJ-2606-10105,FALSE,17/06/26,06/17/2026,CUS-0108,cus-0108,Kavya Jain,kavya.jain8@example.com,BAG-CNV-OL,Canvas Tote Olive,3,549,1647,0.72,18/06/26,22/06/26,Fulfilled,Delivered,DakTrail,DakTrail,AW682400107,COD,Collected,400001,Mumbai,maharashtra,22/06/26 11:48
1,SAJ-2606-10106,TRUE,,17/06/26,CUS-0125,CUS-0125,Aarav Das,aarav.das25@example.com,MAT-YG-ST,Yoga Mat Stone,2,1499,2998,1.7,NULL,-,Cancelled,Not Shipped,RouteKart,RouteKart,-,UPI,Refunded,302001,Jaipur,Rajasthan,25/06/26 14:35
1,SAJ-2606-10107,TRUE,,21/06/26,CUS-0142,CUS-0142,Sana Mehta,sana.mehta42@example.com,LCH-900-IV,Lunch Box 900ml,1,INR 899,899,0.64,23/06/26,06/25/2026,Fulfilled,Delivered,MileMitra,MileMitra,AW682400109,COD,Collected,122001,Gurugram,Haryana,25/06/26 17:06
1,SAJ-2606-10108,TRUE,,26/06/26,CUS-0136,CUS-0136,Tara Bhat,tara.bhat36@example.com,CND-180-AM,Amber Candle 180g,2,649,1298,900,27/06/26,,Shipped,In Transit,DakTrail,DakTrail,AW682400079,COD,Pending,411001,Pune,Maharashtra,30/06/26 14:35
1,SAJ-2606-10109,FALSE,16/06/26,06/16/2026,CUS-0159,CUS-0159,Arjun Bhat,arjun.bhat59@example.com,BED-QN-SG,Queen Bedsheet Sage,1,1899,1899,1.1,17/06/26,N/A,Returned,RTO,RouteKart,RouteKart,AW682400110,COD,pending ,700001,Kolkata,West Bengal,23/06/26 17:06
1,SAJ-2606-10110,FALSE,19/06/26,06/19/2026,CUS-0104,CUS-0104,Meera Nair,meera.nair4@example.com,BTL-750-SG,Steel Bottle 750ml,2,799,INR 1598.00,0.84,06/20/2026,23/06/26,Fulfilled,Delivered,MileMitra,MileMitra,AW682400111,UPI,Paid,411001,PUNE,Maharashtra,23/06/26 11:48
1,SAJ-2606-10111,TRUE,,13/06/26,CUS-0121,CUS-0121,Varun Khanna,varun.khanna21@example.com,BED-QN-SG,Queen Bedsheet Sage,1,1899,1899,1.1,TBD,TBD,Cancelled,Not Shipped,RouteKart,RouteKart,NULL,COD,Pending,160017,Chandigarh,Chandigarh,20/06/26 14:35
1,SAJ-2606-10112,TRUE,,27/06/26,CUS-0138,CUS-0138,Pooja Patil,pooja.patil38@example.com,BTL-750-SG,Steel Bottle 750ml,2,799,1598,0.84,TBD,NULL,Processing,Not Shipped,RouteKart,RouteKart,TBD,COD,Pending,500001,Hyderabad,Telangana,30/06/26 11:48
2,SAJ-2606-10113,TRUE,,18/06/26,CUS-0155,CUS-0155,Rohan Kapoor,rohan.kapoor55@example.com,TWL-2P-NT,Cotton Hand Towel Pair,2,449,898,560,19/06/26,23/06/26,Fulfilled,delivered ,RouteKart,routekart ,AW682400114,Cash on Delivery,Collected,682001, Kochi  ,kerala,23/06/26 17:06
2,SAJ-2606-10113,FALSE,22/06/26,06/22/2026,CUS-0172,CUS-0172,Mitali Jain,mitali.jain72@example.com,CND-180-AM,Amber Candle 180g,1,649,₹649 ,450,23/06/26,26/06/26,Fulfilled,Delivered,RouteKart,RouteKart,AW682400115,UPI,Paid,400001,Mumbai,Maharashtra,26/06/26 9:12
1,SAJ-2606-10114,TRUE,,22/06/26,CUS-0117,CUS-0117,Neel Shah,neel.shah17@example.com,TWL-2P-NT,Cotton Hand Towel Pair,2,449,898,0.56,06/24/2026,29/06/26,Fulfilled,Delivered,ParcelNest,ParcelNest,AW682400116,COD,Collected,560001,Bangaluru,Karnataka,29/06/26 17:06
1,SAJ-2606-10115,TRUE,,16/06/26,CUS-0134,CUS-0134,Nisha Naik,nisha.naik34@example.com,JAR-3P-CL,Glass Spice Jar Trio,1,1199,1199,1.25,17/06/26,06/20/2026,Fulfilled,Delivered,RouteKart,RouteKart,AW682400117,Net Banking,Paid,380001,Ahmedabad,Gujarat,20/06/26 17:06
1,SAJ-2606-10116,TRUE,,14/06/26,CUS-0151,CUS-0151,Kabir Menon, KABIR.MENON51@EXAMPLE.COM ,BTL-750-SG,Steel Bottle 750ml,1,799,799,0.42,16/06/26,20/06/26,Fulfilled,Delivered,MileMitra,MileMitra,AW682400118,COD,Collected,641001,Coimbatore,Tamil Nadu,20/06/26 14:35
1,SAJ-2606-10117,FALSE,23/06/26,06/23/2026,CUS-0168,CUS-0168,Ira Nair,ira.nair68@example.com,TWL-2P-NT,Cotton Hand Towel Pair,1,449,449,280,N/A,-,Cancelled,Not Shipped,ParcelNest,ParcelNest,,Net Banking,Refunded,411001,Pune,Maharashtra,30/06/26 17:06
1,SAJ-2606-10118,TRUE,,28/06/26,CUS-0113,CUS-0113,Aditya Bhat,aditya.bhat13@example.com,BTL-750-SG,Steel Bottle 750ml,1,799,799,0.42,30/06/26,,Shipped,Out for Delivery,RouteKart,SwiftKite,AW682400120,UPI,Paid,560001,Mumbai,Maharashtra,30/06/26 11:48
1,SAJ-2606-10119,TRUE,,15/06/26,CUS-0130,CUS-0130,Ananya Sethi,ananya.sethi30@example.com,TWL-2P-NT,Cotton Hand Towel Pair,1,449,449,0.28,06/17/2026,06/20/2026,Fulfilled,Delivered,DakTrail,DakTrail,AW682400121,COD,Collected,452001,Indore,Madhya Pradesh,20/06/26 19:22
1,SAJ-2606-10120,TRUE,,16/06/26,CUS-0147,cus-0147,Ritvik Mishra,ritvik.mishra47@example.com,PCH-TRV-BL,Travel Pouch Blue,1,399,399,0.18,18/06/26,06/22/2026,Fulfilled,Delivered,MileMitra,MileMitra,AW682400122,COD,Collected,110001,New Delhi,delhi,22/06/26 9:12
1,SAJ-2606-10121,TRUE,,23/06/26,CUS-0164,CUS-0164,Riya Saxena,riya.saxena64@example.com,PCH-TRV-BL,Travel Pouch Blue,3,399,1197,0.54,25/06/26,29/06/26,Fulfilled,Delivered,RouteKart,RouteKart,AW682400123,UPI,Paid,226001,Lucknow,Uttar Pradesh,29/06/26 17:06
1,SAJ-2606-10122,FALSE,20/06/26,06/20/2026,CUS-0109,CUS-0109,Vivaan Kapoor,vivaan.kapoor9@example.com,TRAY-BMB-M,Bamboo Serving Tray,2,999,INR 1998.00,1440,21/06/26,-,Returned,RTO,MileMitra,MileMitra,AW682400124,Card,Refunded,302001, Jaipur  ,Rajasthan,27/06/26 17:06
1,SAJ-2606-10123,TRUE,,22/06/26,CUS-0126,CUS-0126,Diya Khanna,diya.khanna26@example.com,TRAY-BMB-M,Bamboo Serving Tray,2,999,1998,1.44,06/24/2026,27/06/26,Fulfilled,Delivered,MileMitra,MileMitra,AW682400125,UPI,Paid,122001,Gurugram,Haryana,27/06/26 17:06
1,SAJ-2606-10124,TRUE,,26/06/26,CUS-0143,CUS-0143,Kunal Das,kunal.das43@example.com,mug-2p-sd ,Ceramic Mug Pair,2,699,"₹1,398 ",1840,28/06/26,N/A,Shipped,IN TRANSIT,MileMitra,MileMitra,AW682400126,Card,Paid,700001,Kolkata,West Bengal,30/06/26 17:06
1,SAJ-2606-10125,TRUE,,23/06/26,CUS-0160,CUS-0160,Tara Rao,tara.rao60@example.com,BED-QN-SG,Queen Bedsheet Sage,1,INR 1899,1899,1.1,25/06/26,28/06/26,Fulfilled,Delivered,ParcelNest,ParcelNest,AW682400127,COD,Collected,751001,Bhubaneswar,Odisha,28/06/26 11:48
1,SAJ-2606-10126,FALSE,24/06/26,06/24/2026,CUS-0112,CUS-0112,Tara Iyer,tara.iyer12@example.com,MUG-2P-SD,Ceramic Mug Pair,1,699,699,0.92,26/06/26,29/06/26,Shipped,Delivered,DakTrail,DakTrail,AW682400103,UPI,Paid,751001,Bhubaneswar,Odisha,30/06/26 10:40
1,SAJ-2606-10127,FALSE,15/06/26,06/15/2026,CUS-0105,CUS-0105,Ishaan Menon,ishaan.menon5@example.com,CND-180-AM,Amber Candle 180g,1,649,649,450,06/16/2026,18/06/26,Fulfilled,Delivered,ParcelNest,Parcel Nest,AW682400128,Net Banking,Paid,160017,CHANDIGARH,Chandigarh,18/06/26 11:48
1,SAJ-2606-10128,TRUE,,13/06/26,CUS-0122,CUS-0122,Aditi Nair,aditi.nair22@example.com,MAT-YG-ST,Yoga Mat Stone,1,1499,1499,0.85,06/14/2026,06/16/2026,Fulfilled,Delivered,MileMitra,MileMitra,AW682400129,Card,Paid,500001,Hyderabad,telangana,16/06/26 11:48
1,SAJ-2606-10129,TRUE,,17/06/26,CUS-0139,CUS-0139,Dev Sinha,,PCH-TRV-BL,Travel Pouch Blue,1,399,399,0.18,18/06/26,06/21/2026,Fulfilled,Delivered,ParcelNest,ParcelNest,AW682400130,Card,Paid,682001,Kochi,Kerala,21/06/26 9:12
1,SAJ-2606-10130,TRUE,,27/06/26,CUS-0156,CUS-0156,Kavya Bose,kavya.bose56@example.com,FLK-500-CL,Travel Flask 500ml,2,1099,2198,1.12,28/06/26,,Shipped,In Transit,RouteKart,RouteKart,AW682400131,COD,Pending,400001,Mumbai,Maharashtra,30/06/26 14:35
1,SAJ-2606-10131,FALSE,28/06/26,06/28/2026,CUS-0101,CUS-0101,Aarav Mehta,aarav.mehta1@example.com,TWL-2P-NT,Cotton Hand Towel Pair,1,449,449,0.28,29/06/26,-,Shipped,Out for Delivery,ParcelNest,ParcelNest,AW682400132,UPI,Paid,560001,Bengaluru,Karnataka,30/06/26 19:22
1,SAJ-2606-10132,TRUE,,17/06/26,CUS-0118,CUS-0118,Sana Saxena,sana.saxena18@example.com,MAT-YG-ST,Yoga Mat Stone,2,1499,2998,1700,06/19/2026,24/06/26,Fulfilled,Delivered,MileMitra,MileMitra,AW682400133,Cash on Delivery,Collected,380001, Ahmedabad  ,Gujarat,24/06/26 11:48
1,SAJ-2606-10133,TRUE,,22/06/26,CUS-0135,CUS-0135,Arjun Iyer,arjun.iyer35@example.com,FLK-500-CL,Travel Flask 500ml,1,1099,1099,0.56,23/06/26,06/27/2026,Fulfilled,Delivered,RouteKart,RouteKart,AW682400134,Card,Paid,641001,Coimbatore,Tamil Nadu,27/06/26 19:22
1,SAJ-2606-10134,TRUE,,19/06/26,CUS-0152,CUS-0152,Meera Mishra,meera.mishra52@example.com,BAG-CNV-OL,Canvas Tote Olive,2,549,1098,0.48,N/A,01/01/00,Cancelled,Not Shipped,ParcelNest,ParcelNest,-,Net Banking,Refunded,411001,Puna,Maharashtra,26/06/26 17:06
1,SAJ-2606-10135,FALSE,19/06/26,06/19/2026,CUS-0169,CUS-0169,Varun Menon,varun.menon69@example.com,FLK-500-CL,Travel Flask 500ml,1,1099,"₹1,099 ",560,21/06/26,23/06/26,Fulfilled,Delivered,ParcelNest,ParcelNest,AW682400136,Card,Paid,160017,Chandigarh,Chandigarh,23/06/26 17:06
1,SAJ-2606-10136,FALSE,15/06/26,06/15/2026,CUS-0114,cus-0114, POOJA RAO ,pooja.rao14@example.com,TRAY-BMB-M,Bamboo Serving Tray,1,999,999,0.72,06/17/2026,20/06/26,Fulfilled,delivered ,MileMitra,MileMitra,AW682400137,Net Banking,Paid,452001,INDORE,madhya pradesh,20/06/26 11:48
1,SAJ-2606-10137,TRUE,,21/06/26,CUS-0131,CUS-0131,Rohan Jain,rohan.jain31@example.com,MAT-YG-ST,Yoga Mat Stone,2,1499,2998,1700,06/23/2026,06/28/2026,Fulfilled,Delivered,MileMitra,MileMitra,AW682400138,Net Banking,paid ,110001,New Delhi,Delhi,28/06/26 14:35
1,SAJ-2606-10138,TRUE,,16/06/26,CUS-0148,CUS-0148,Mitali Sethi,mitali.sethi48@example.com,CND-180-AM,Amber Candle 180g,1,649,649,0.45,18/06/26,01/01/00,Returned,RTO,DakTrail,DakTrail,AW682400139,COD,Pending,226001,Lucknow,Uttar Pradesh,24/06/26 14:35
2,SAJ-2606-10139,TRUE,,26/06/26,CUS-0165,CUS-0165,Neel Mehta,neel.mehta65@example.com,CND-180-AM,Amber Candle 180g,1,649,649,0.45,-,TBD,Processing,Not Shipped,DakTrail,DakTrail,-,Card,Paid,560001,"Bangalore,Karnataka",,30/06/26 19:22
2,SAJ-2606-10139,FALSE,26/06/26,06/26/2026,CUS-0110,CUS-0110,Nisha Bose,nisha.bose10@example.com,BED-QN-SG,Queen Bedsheet Sage,1,1899,1899,1.1,TBD,-,Processing,Not Shipped,RouteKart,RouteKart,N/A,COD,Pending,122001,Gurugram,Haryana,30/06/26 17:06
1,SAJ-2606-10140,TRUE,,22/06/26,CUS-0127,CUS-0127,Kabir Nair,kabir.nair27@example.com,CND-180-AM,Amber Candle 180g,2,649,1298,0.9,06/23/2026,27/06/26,Fulfilled,Delivered,RouteKart,RouteKart,AW682400142,COD,Collected,700001,Kolkata,West Bengal,27/06/26 9:12
1,SAJ-2606-10141,TRUE,,18/06/26,CUS-0144,CUS-0144,Ira Khanna,ira.khanna44@example.com,BTL-750-SG,Steel Bottle 750ml,2,799,1598,0.84,20/06/26,24/06/26,Cancelled,Delivered,DakTrail,DakTrail,AW682400143,UPI,Refunded,751001,Bhubaneswar,Odisha,25/06/26 16:15
1,SAJ-2606-10142,TRUE,,16/06/26,CUS-0161,CUS-0161,Aditya Patil,aditya.patil61@example.com,BED-QN-SG,Queen Bedsheet Sage,1,1899,1899,1.1,18/06/26,23/06/26,Fulfilled,Delivered,RouteKart,RouteKart,AW682400144,UPI,Paid,600001,Chennai,Tamil Nadu,23/06/26 19:22
1,SAJ-2606-10143,FALSE,15/06/26,06/15/2026,CUS-0106,CUS-0106,Ananya Mishra,ananya.mishra6@example.com,MAT-YG-ST,Yoga Mat Stone,2,INR 1499,2998,1.7,16/06/26,20/06/26,Fulfilled,Delivered,DakTrail,DakTrail,AW682400145,COD,Collected,500001,Hyderabad,telangana,20/06/26 19:22
1,SAJ-2606-10144,FALSE,27/06/26,06/27/2026,CUS-0138,CUS-0138,Pooja Patil,pooja.patil38@example.com,BTL-750-SG,Steel Bottle 750ml,2,799,1598,0.84,NULL,NULL,Processing,Not Shipped,RouteKart,RouteKart,TBD,COD,Pending,500001,HYDERABAD,Telangana,30/06/26 11:48
1,SAJ-2606-10145,TRUE,,16/06/26,CUS-0123,CUS-0123,Ritvik Menon,ritvik.menon23@example.com,jar-3p-cl ,Glass Spice Jar Trio,1,1199,1199,1250,06/18/2026,06/21/2026,Fulfilled,Delivered,ParcelNest,ParcelNest,AW682400146,COD,Collected,682001,Kochi,Kerala,21/06/26 17:06
1,SAJ-2606-10146,TRUE,,21/06/26,CUS-0140,CUS-0140,Riya Shah, RIYA.SHAH40@EXAMPLE.COM ,MAT-YG-ST,Yoga Mat Stone,1,1499,1499,850,22/06/26,06/27/2026,Fulfilled,Delivered,ParcelNest,ParcelNest,AW682400147,UPI,Paid,400001,Mumbai,Maharashtra,27/06/26 9:12
1,SAJ-2606-10147,TRUE,,28/06/26,CUS-0157,CUS-0157,Vivaan Naik,vivaan.naik57@example.com,PCH-TRV-BL,Travel Pouch Blue,1,399,INR 399.00,0.18,29/06/26,NULL,Shipped,IN TRANSIT,ParcelNest,ParcelNest,AW682400148,Net Banking,Paid,302001,Jaipur,Rajasthan,30/06/26 19:22
1,SAJ-2606-10148,FALSE,23/06/26,06/23/2026,CUS-0102,CUS-0102,Diya Das,diya.das2@example.com,PCH-TRV-BL,Travel Pouch Blue,1,399,399,0.18,24/06/26,28/06/26,Fulfilled,Delivered,RouteKart,RouteKart,AW682400149,Card,Paid,380001,Ahmedabad,Gujarat ,28/06/26 14:35
1,SAJ-2606-10149,TRUE,,23/06/26,CUS-0119,CUS-0119,Kunal Mehta,kunal.mehta19@example.com,TRAY-BMB-M,Bamboo Serving Tray,2,999,1998,1.44,06/25/2026,29/06/26,Fulfilled,Delivered,DakTrail,DakTrail,AW682400150,COD,Collected,641001,Coimbatore,Tamil Nadu,29/06/26 9:12
1,SAJ-2606-10150,TRUE,,17/06/26,CUS-0136,CUS-0136,Tara Bhat,tara.bhat36@example.com,BAG-CNV-OL,Canvas Tote Olive,1,549,549,0.24,18/06/26,-,Returned,RTO,RouteKart,RouteKart,AW682400151,Net Banking,Refunded,411001,Puna,Maharashtra,24/06/26 9:12
1,SAJ-2606-10151,TRUE,,15/06/26,CUS-0153,cus-0153,Ishaan Sethi,ishaan.sethi53@example.com,MUG-2P-SD,Ceramic Mug Pair,2,699,1398,1840,16/06/26,18/06/26,Fulfilled,Delivered,DakTrail,DakTrail,AW682400152,upi,Paid,160017, Chandigarh  ,chandigarh,18/06/26 11:48
1,SAJ-2606-10152,FALSE,18/06/26,06/18/2026,CUS-0170,CUS-0170,Aditi Mishra,aditi.mishra70@example.com,MAT-YG-ST,Yoga Mat Stone,2,1499,2998,1.7,19/06/26,22/06/26,Fulfilled,Delivered,DakTrail,DakTrail,AW682400153,COD,Collected,500001,Hyderabad,Telangana,22/06/26 17:06
1,SAJ-2606-10153,FALSE,26/06/26,06/26/2026,CUS-0115,CUS-0115, DEV PATIL ,dev.patil15@example.com,CND-180-AM,Amber Candle 180g,1,649,649,0.45,06/28/2026,NULL,Shipped,Out for Delivery,RouteKart,RouteKart,AW682400154,COD,Pending,110001,NEW DELHI,Delhi,30/06/26 14:35
1,SAJ-2606-10154,TRUE,,19/06/26,CUS-0132,CUS-0132,Kavya Kapoor,kavya.kapoor32@example.com,FLK-500-CL,Travel Flask 500ml,2,1099,2198,1.12,06/21/2026,06/26/2026,Fulfilled,Delivered,RouteKart,RouteKart,AW682400155,Card,Paid,226001,Lucknow,Uttar Pradesh,26/06/26 9:12
1,SAJ-2606-10155,TRUE,,17/06/26,CUS-0149,CUS-0149,Aarav Khanna,aarav.khanna49@example.com,TRAY-BMB-M,Bamboo Serving Tray,1,999,999,0.72,NULL,TBD,Cancelled,Not Shipped,DakTrail,DakTrail,TBD,Card,Refunded,560001,Bengaluru,Karnataka,25/06/26 9:12
1,SAJ-2606-10156,TRUE,,18/06/26,CUS-0166,CUS-0166,Sana Das,sana.das66@example.com,BED-QN-SG,Queen Bedsheet Sage,2,1899,"₹3,798 ",2200,19/06/26,21/06/26,Fulfilled,Delivered,ParcelNest,Parcel Nest,AW682400157,Card,Paid,380001,Ahmedabad,Gujarat,21/06/26 9:12
2,SAJ-2606-10157,FALSE,16/06/26,06/16/2026,CUS-0111,CUS-0111,Arjun Naik,arjun.naik11@example.com,MAT-YG-ST,Yoga Mat Stone,1,1499,1499,0.85,18/06/26,20/06/26,Fulfilled,Delivered,ParcelNest,ParcelNest,AW682400158,UPI,Paid,700001,Kolkata,West Bengal,20/06/26 11:48
2,SAJ-2606-10157,TRUE,,14/06/26,CUS-0128,CUS-0128,Meera Menon,meera.menon28@example.com,BTL-750-SG,Steel Bottle 750ml,3,799,2397,1.26,06/16/2026,18/06/26,Fulfilled,Delivered,MileMitra,MileMitra,AW682400159,Card,Paid,751001,Bhubaneswar,Odisha,18/06/26 9:12
1,SAJ-2606-10158,TRUE,,26/06/26,CUS-0145,CUS-0145,Varun Nair,varun.nair45@example.com,CND-180-AM,Amber Candle 180g,1,649,649,0.45,27/06/26,,Shipped,IN TRANSIT,ParcelNest,ParcelNest,AW682400160,Card,Paid,600001,Chennai,tamil nadu,30/06/26 9:12
1,SAJ-2606-10159,TRUE,,14/06/26,CUS-0162,CUS-0162,Pooja Sinha,pooja.sinha62@example.com,LCH-900-IV,Lunch Box 900ml,2,899,INR 1798.00,1.28,15/06/26,20/06/26,Fulfilled,Delivered,RouteKart,RouteKart,AW682400161,UPI,Paid,452001,Indore,Madhya Pradesh,20/06/26 14:35
1,SAJ-2606-10160,FALSE,21/06/26,06/21/2026,CUS-0107,CUS-0107,Rohan Sethi,rohan.sethi7@example.com,TRAY-BMB-M,Bamboo Serving Tray,1,999,999,720,22/06/26,-,Returned,RTO,MileMitra,MileMitra,AW682400162,UPI,Refunded,682001, Kochi  ,Kerala,28/06/26 17:06
1,SAJ-2606-10161,FALSE,28/06/26,06/28/2026,CUS-0124,CUS-0124,Mitali Mishra,mitali.mishra24@example.com,LCH-900-IV,Lunch Box 900ml,2,INR 899,1798,1.28,06/30/2026,,Shipped,Out for Delivery,MileMitra,MileMitra,AW682400163,UPI,Paid,400001,MUMBAI,Maharashtra,30/06/26 9:12
1,SAJ-2606-10162,TRUE,,19/06/26,CUS-0141,CUS-0141,Neel Saxena,neel.saxena41@example.com,LCH-900-IV,Lunch Box 900ml,1,899,899,0.64,06/21/2026,06/23/2026,Fulfilled,Delivered,RouteKart,RouteKart,AW682400164,COD,Collected,302001,Jaipur,Rajasthan,23/06/26 19:22
1,SAJ-2606-10163,TRUE,,14/06/26,CUS-0158,CUS-0158,Nisha Iyer,nisha.iyer58@example.com,TWL-2P-NT,Cotton Hand Towel Pair,1,449,449,0.28,15/06/26,01/01/00,Returned,RTO,ParcelNest,ParcelNest,AW682400165,Card,Refunded,122001,Gurugram,Haryana,21/06/26 14:35
1,SAJ-2606-10164,TRUE,,14/06/26,CUS-0103,CUS-0103,Kabir Khanna,kabir.khanna3@example.com,BAG-CNV-OL,Canvas Tote Olive,1,549,549,0.24,16/06/26,18/06/26,Fulfilled,Delivered,MileMitra,ParcelOrbit,AW682400166,UPI,Paid,641001,Coimbatore,Tamil Nadu,18/06/26 14:35
1,SAJ-2606-10165,FALSE,26/06/26,06/26/2026,CUS-0120,CUS-0120,Ira Das,ira.das20@example.com,MAT-YG-ST,Yoga Mat Stone,2,1499,2998,1700,28/06/26,NULL,Shipped,Out for Delivery,ParcelNest,ParcelNest,AW682400167,UPI,Paid,411001,Pune,Maharashtra,30/06/26 9:12
1,SAJ-2606-10166,TRUE,,16/06/26,CUS-0148,cus-0148,Mitali Sethi,mitali.sethi48@example.com,cnd-180-am ,Amber Candle 180g,1,649,₹649 ,450,06/18/2026,TBD,Returned,RTO,DakTrail,DakTrail,AW682400139,COD,Pending,226001,Lucknow,uttar pradesh,24/06/26 14:35
1,SAJ-2606-10167,TRUE,,22/06/26,CUS-0137,CUS-0137,Aditya Rao,aditya.rao37@example.com,PCH-TRV-BL,Travel Pouch Blue,1,399,399,0.18,24/06/26,06/27/2026,Fulfilled,Delivered,DakTrail,DakTrail,AW682400168,COD,Collected,160017,Chandigarh,Chandigarh,27/06/26 14:35
1,SAJ-2606-10168,TRUE,,28/06/26,CUS-0154,CUS-0154,Ananya Jain,ananya.jain54@example.com,MAT-YG-ST,Yoga Mat Stone,1,1499,1499,0.85,N/A,NULL,Processing,Not Shipped,DakTrail,DakTrail,NULL,UPI,Paid,500001,Hyderabad,Telangana,30/06/26 19:22
1,SAJ-2606-10169,FALSE,21/06/26,06/21/2026,CUS-0171,CUS-0171,Ritvik Sethi,ritvik.sethi71@example.com,BTL-750-SG,Steel Bottle 750ml,3,799,2397,1.26,22/06/26,26/06/26,Fulfilled,Delivered,DakTrail,DakTrail,AW682400170,COD,Collected,682001,Kochi,Kerala,26/06/26 11:48
1,SAJ-2606-10170,FALSE,14/06/26,06/14/2026,CUS-0116,CUS-0116, RIYA SINHA ,riya.sinha16@example.com,JAR-3P-CL,Glass Spice Jar Trio,3,1199,3597,3750,TBD,-,Cancelled,Not shipped,DakTrail,DAK TRAIL,N/A,upi,Refunded,226001,LUCKNOW,Uttar Pradesh,22/06/26 17:06
1,SAJ-2606-10171,TRUE,,16/06/26,CUS-0133,CUS-0133,Vivaan Bose,vivaan.bose33@example.com,BTL-750-SG,Steel Bottle 750ml,1,799,799,0.42,06/17/2026,NULL,Returned,RTO,DakTrail,DakTrail,AW682400172,COD,Pending,560001,Bangaluru,Karnataka,23/06/26 19:22
1,SAJ-2606-10172,TRUE,,17/06/26,CUS-0150,CUS-0150,Diya Nair,diya.nair50@example.com,BTL-750-SG,Steel Bottle 750ml,2,799,1598,0.84,18/06/26,06/23/2026,Fulfilled,Delivered,ParcelNest,ParcelNest,AW682400173,Card,Paid,380001,Ahmedabad,Gujarat,23/06/26 19:22
1,SAJ-2606-10173,TRUE,,18/06/26,CUS-0167,CUS-0167,Kunal Khanna,kunal.khanna67@example.com,BAG-CNV-OL,Canvas Tote Olive,3,549,1647,0.72,19/06/26,22/06/26,Fulfilled,Delivered,RouteKart,RouteKart,AW682400174,COD,Collected,641001,Coimbatore,Tamil Nadu,22/06/26 11:48
1,SAJ-2606-10174,FALSE,21/06/26,06/21/2026,CUS-0112,CUS-0112,Tara Iyer,tara.iyer12@example.com,PCH-TRV-BL,Travel Pouch Blue,1,399,399,0.18,22/06/26,26/06/26,Fulfilled,Delivered,RouteKart,RouteKart,AW682400175,Net Banking,Paid,751001,Bhubaneswar,odisha,26/06/26 9:12
1,SAJ-2606-10175,TRUE,,17/06/26,CUS-0129,CUS-0129,Ishaan Mishra,ishaan.mishra29@example.com,MUG-2P-SD,Ceramic Mug Pair,2,699,1398,1840,06/19/2026,23/06/26,Fulfilled,Delivered,ParcelNest,ParcelNest,AW682400176,Net Banking,Paid,600001,Chennai,Tamil Nadu,23/06/26 19:22
1,SAJ-2606-10176,TRUE,,28/06/26,CUS-0146,CUS-0146,Aditi Menon, ADITI.MENON46@EXAMPLE.COM ,MUG-2P-SD,Ceramic Mug Pair,1,699,699,0.92,30/06/26,01/01/00,Shipped,In Transit,ParcelNest,ParcelNest,AW682400177,UPI,Paid,452001,"Indore,Madhya Pradesh",,30/06/26 17:06
1,SAJ-2606-10177,TRUE,,19/06/26,CUS-0163,CUS-0163,Dev Shah,dev.shah63@example.com,BED-QN-SG,Queen Bedsheet Sage,1,1899,"₹1,899 ",1100,21/06/26,N/A,Returned,RTO,ParcelNest,ParcelNest,AW682400178,COD,Pending,110001,New Delhi,Delhi,27/06/26 11:48
1,SAJ-2606-10178,FALSE,28/06/26,06/28/2026,CUS-0108,CUS-0108,Kavya Jain,kavya.jain8@example.com,BAG-CNV-OL,Canvas Tote Olive,2,549,1098,0.48,30/06/26,N/A,Shipped,Out for Delivery,MileMitra,MileMitra,AW682400179,COD,Pending,400001,Mumbai,Maharashtra,30/06/26 19:22
1,SAJ-2606-10179,FALSE,18/06/26,06/18/2026,CUS-0125,CUS-0125,Aarav Das,aarav.das25@example.com,FLK-500-CL,Travel Flask 500ml,2,1099,2198,1.12,06/20/2026,24/06/26,Fulfilled,Delivered,ParcelNest,ParcelNest,AW682400180,UPI,Paid,302001,JAIPUR,Rajasthan,24/06/26 9:12
1,SAJ-2606-10180,TRUE,,05/06/26,CUS-0142,CUS-0142,Sana Mehta,sana.mehta42@example.com,TWL-2P-NT,Cotton Hand Towel Pair,1,449,449,0.28,13/06/26,16/06/26,Fulfilled,Delivered,RouteKart,RouteKart,AW682400181,Card,Paid,122001,Gurugram,Haryana,17/06/26 9:10
1,SAJ-2606-10181,TRUE,,14/06/26,CUS-0159,CUS-0159,Arjun Bhat,arjun.bhat59@example.com,CND-180-AM,Amber Candle 180g,1,649,649,0.45,16/06/26,,Returned,RTO,ParcelNest,ParcelNest,AW682400182,Card,Refunded,700001,Kolkata,West Bengal,22/06/26 17:06
1,SAJ-2606-10182,TRUE,,28/06/26,CUS-0104,cus-0104,Meera Nair,meera.nair4@example.com,JAR-3P-CL,Glass Spice Jar Trio,1,1199,1199,1.25,TBD,N/A,Processing,Not shipped,DakTrail,DakTrail,,COD,Pending,411001,Pune,maharashtra,30/06/26 17:06
1,SAJ-2606-10183,FALSE,13/06/26,06/13/2026,CUS-0121,CUS-0121,Varun Khanna,varun.khanna21@example.com,FLK-500-CL,Travel Flask 500ml,1,1099,1099,0.56,15/06/26,19/06/26,Fulfilled,Delivered,MileMitra,MileMitra,AW682400184,UPI,Paid,160017,Chandigarh,Chandigarh,19/06/26 17:06
1,SAJ-2606-10184,TRUE,,16/06/26,CUS-0138,CUS-0138,Pooja Patil,pooja.patil38@example.com,TRAY-BMB-M,Bamboo Serving Tray,2,999,1998,1.44,06/18/2026,20/06/26,Fulfilled,Delivered,DakTrail,DakTrail,AW682400185,COD,Collected,500001,Hyderabad,Telangana,20/06/26 17:06
1,SAJ-2606-10185,TRUE,,16/06/26,CUS-0155,CUS-0155,Rohan Kapoor,rohan.kapoor55@example.com,MAT-YG-ST,Yoga Mat Stone,1,1499,INR 1499.00,850,17/06/26,06/20/2026,Fulfilled,Delivered,RouteKart,routekart ,AW682400186,UPI,Paid,682001,Kochi,Kerala,20/06/26 9:12
1,SAJ-2606-10186,TRUE,,20/06/26,CUS-0172,CUS-0172,Mitali Jain,mitali.jain72@example.com,CND-180-AM,Amber Candle 180g,2,649,1298,0.9,21/06/26,24/06/26,Fulfilled,Delivered,RouteKart,RouteKart,AW682400187,UPI,Paid,400001,Mumbai,Maharashtra,24/06/26 9:12
1,SAJ-2606-10187,FALSE,15/06/26,06/15/2026,CUS-0117,CUS-0117,Neel Shah,neel.shah17@example.com,BED-QN-SG,Queen Bedsheet Sage,1,1899,1899,1.1,16/06/26,18/06/26,Fulfilled,Delivered,MileMitra,MileMitra,AW682400188,COD,Collected,560001,Bengaluru,Karnataka,18/06/26 14:35
1,SAJ-2606-10188,FALSE,14/06/26,06/14/2026,CUS-0134,CUS-0134, NISHA NAIK ,nisha.naik34@example.com,btl-750-sg ,Steel Bottle 750ml,2,799,"₹1,598 ",840,06/16/2026,21/06/26,Fulfilled,Delivered,ParcelNest,ParcelNest,AW682400189,UPI,Paid,380001,AHMEDABAD,Gujarat,21/06/26 17:06
1,SAJ-2606-10189,TRUE,,18/06/26,CUS-0166,CUS-0166,Sana Das,sana.das66@example.com,BED-QN-SG,Queen Bedsheet Sage,2,1899,3798,2.2,06/19/2026,06/21/2026,Fulfilled,Delivered,ParcelNest,ParcelNest,AW682400157,Card,Paid,380001,Ahmedabad,Gujarat,21/06/26 9:12
1,SAJ-2606-10190,TRUE,,17/06/26,CUS-0151,CUS-0151,Kabir Menon,kabir.menon51@example.com,BTL-750-SG,Steel Bottle 750ml,1,799,799,420,19/06/26,06/24/2026,Fulfilled,Delivered,MileMitra,MileMitra,AW682400190,Cash on Delivery,Collected,641001, Coimbatore  ,tamil nadu,24/06/26 19:22
,,,,,,,,,,,,,,,,,,,,,,,,,,,
,,,,,,,,,,,,,,,,,,,,,,,,,,,
,,,,,0134CUS-,,,,,,,,,,,,,,,,,,,,,,